session,acquisition,status
123894x20190327x3T,T1_3D_0.8x0.8x0.8,kept
124822x20210126x3T,T1_3D_0.8x0.8x0.8,kept
20101220x1159,t1_mpr_AX_MPRAGE,kept
20151007x1556,t1_mpr_AX_MPRAGE,kept
20090106x1214,t1_mpr_AX_MPRAGE,kept
20160121x1259,t1_mpr_AX_MPRAGE,kept
126022x20210112x3T,T1_3D_0.8x0.8x0.8,kept
20160121x1259,t1_mpr_AX_MPRAGE,kept
20160907x1425,t1_mpr_AX_MPRAGE,kept
20041103x1130,t1_mpr_AX_MPRAGE,kept
20081008x1021,t1_mpr_AX_MPRAGE,kept
20171213x1012,ABCD_T1w_MPR_vNav_passive RMS,kept
20171213x1012,ABCD_T1w_MPR_vNav_moco RMS,kept
125987x20210610x3T,T1_3D_0.8x0.8x0.8,kept
20190710x1517,ABCD_T1w_MPR_vNav_passive  RMS,kept
20170920x1313,ABCD_T1w_MPR_vNav_passive RMS,kept
20170920x1313,ABCD_T1w_MPR_vNav_moco RMS,kept
119851x20170606x3T,T1_3D_0.8x0.8x0.8,kept
20180110x1405,ABCD_T1w_MPR_vNav_passive RMS,kept
20180110x1405,ABCD_T1w_MPR_vNav_moco RMS,kept
125780x20210216x3T,T1_3D_0.8x0.8x0.8,kept
20180605x1417,ABCD_T1w_MPR_vNav_moco RMS,kept
124938x20210527x3T,T1_3D_0.8x0.8x0.8,kept
120937x20160711x3T,T1_3D_0.8x0.8x0.8,kept
124568x20210318x3T,T1_3D_0.8x0.8x0.8,kept
100113x20160620x3T,T1_3D_0.8x0.8x0.8,kept
20151007x1556,t1_mpr_AX_MPRAGE,kept
122005x20171213x3T,T1_3D_0.8x0.8x0.8,kept
122216x20200205x3T,T1_3D_0.8x0.8x0.8,kept
20131108x1000,t1_mpr_AX_MPRAGE,kept
107486x20200929x3T,T1_3D_0.8x0.8x0.8,kept
20091201x1029,t1_mpr_AX_MPRAGE,kept
20050705x1118,t1_mpr_AX_MPRAGE,kept
20080108x1018,t1_mpr_AX_MPRAGE,kept
124509x20200813x3T,T1_3D_0.8x0.8x0.8,kept
20090218x1235,t1_mpr_AX_MPRAGE,kept
20060607x1336,t1_mpr_AX_MPRAGE,kept
125564x20201105x3T,T1_3D_0.8x0.8x0.8,kept
20040928x1330,t1_mpr_AX_MPRAGE,kept
112286x01x20200721x3T,T1_3D_0.8x0.8x0.8,kept
20090331x0933,t1_mpr_AX_MPRAGE,kept
20090512x1126,t1_mpr_AX_MPRAGE,kept
20090304x1208,t1_mpr_AX_MPRAGE,kept
20090316x1310,t1_mpr_AX_MPRAGE,kept
123831x20201201x3T,T1_3D_0.8x0.8x0.8,kept
125687x20200714x3T,T1_3D_0.8x0.8x0.8,kept
20111220x1256,t1_mpr_AX_MPRAGE,kept
20111103x1154,t1_mpr_AX_MPRAGE,kept
20130612x1523,t1_mpr_AX_MPRAGE,kept
20140226x1627,t1_mpr_AX_MPRAGE,kept
20091103x1415,t1_mpr_AX_MPRAGE,kept
123575x20201015x3T,T1_3D_0.8x0.8x0.8,kept
20091109x1206,t1_mpr_AX_MPRAGE,kept
20180605x1417,ABCD_T1w_MPR_vNav_passive RMS,kept
121105x20170427x3T,T1_3D_0.8x0.8x0.8,kept
20060726x1128,t1_mpr_AX_MPRAGE,kept
100049x20160621x3T,T1_3D_0.8x0.8x0.8,kept
122946x20210427x3T,T1_3D_0.8x0.8x0.8,kept
20060802x1113,t1_mpr_AX_MPRAGE,kept
125572x20210323x3T,T1_3D_0.8x0.8x0.8,kept
20050209x1135,t1_mpr_AX_MPRAGE,kept
124972x20210525x3T,T1_3D_0.8x0.8x0.8,kept
20190710x1517,ABCD_T1w_MPR_vNav_moco RMS,kept
20071009x1020,t1_mpr_AX_MPRAGE,kept
100957_20110426,t1_mpr_AX_MPRAGE,kept
113066x02x20210427x3T,T1_3D_0.8x0.8x0.8,kept
20050209x1135,t1_mpr_AX_MPRAGE,kept
20101220x1159,localizer,deleted
122946x20210427x3T,T1_3D_0.8x0.8x0.8_ND,deleted
20091103x1415,ep2d_fairest_UI_1500ms,deleted
20111103x1154,t2_tse_obl_448_2mm,deleted
122946x20210427x3T,FLAIR_3D_1x1x1,deleted
20111103x1154,ep2d_se_pcasl_PHC_1500ms,deleted
20111103x1154,DTI_34dir,deleted
122946x20210427x3T,FLAIR_3D_1x1x1_ND,deleted
20111103x1154,DTI_34dir,deleted
20111103x1154,MoCoSeries,deleted
20111103x1154,Resting_bold_124,deleted
122946x20210427x3T,ASL_3DSpiral_4shot_2.5mm_1Daccel_V20_MeanPerf,deleted
20090106x1214,localizer,deleted
20111103x1154,t2_tse_tra8CHANNEL,deleted
20091103x1415,t2_tse_tra8CHANNEL,deleted
20111103x1154,localizer,deleted
20111103x1154,DTI_34dir,deleted
20090316x1310,t2_tse_tra8CHANNEL,deleted
20090316x1310,DTI_30dir_noDiCo_vox2_1000,deleted
20090316x1310,MoCoSeries,deleted
20090316x1310,csi_se_30_UNSUP,deleted
20090316x1310,DTI_30dir_noDiCo_vox2_1000,deleted
20090316x1310,MoCoSeries,deleted
20090106x1214,csi_se_30_unsup,deleted
20090316x1310,MoCoSeries,deleted
20090316x1310,ep2d_fairest_UI_M0,deleted
20090316x1310,MoCoSeries,deleted
20091103x1415,DTI_30dir,deleted
20091103x1415,MoCoSeries,deleted
20101220x1159,DTI_34dir,deleted
122946x20210427x3T,ASL_3DSpiral_4shot_2.5mm_1Daccel_V20_M0,deleted
20101220x1159,DTI_34dir,deleted
20101220x1159,DTI_34dir,deleted
20101220x1159,Resting_bold_124,deleted
20101220x1159,t2_tse_obl_448_2mm,deleted
20091109x1206,localizer,deleted
20091109x1206,DTI_30dir,deleted
20101220x1159,t2_tse_tra8CHANNEL,deleted
20101220x1159,MoCoSeries,deleted
20091109x1206,DTI_30dir,deleted
20091109x1206,ep2d_fairest_UI_1500ms,deleted
122946x20210427x3T,TOF_3D_multi-slab_MIP_SAG,deleted
20091109x1206,t2_tse_COR8CHANNEL,deleted
20091109x1206,MoCoSeries,deleted
122946x20210427x3T,TOF_3D_multi-slab_MIP_COR,deleted
122946x20210427x3T,TOF_3D_multi-slab_MIP_TRA,deleted
20091109x1206,t2_tse_tra8CHANNEL,deleted
20091109x1206,DTI_30dir,deleted
20101220x1159,ep2d_se_pcasl_PHC_1500ms,deleted
20091103x1415,DTI_30dir,deleted
20091103x1415,DTI_30dir,deleted
122946x20210427x3T,TOF_3D_multi-slab,deleted
20090316x1310,t2_tse_tra,deleted
20091103x1415,t2_tse_COR8CHANNEL,deleted
20091103x1415,localizer,deleted
122946x20210427x3T,T2_2D_0.4x0.4x1.2mm_180flip_ND,deleted
122946x20210427x3T,T2_2D_0.4x0.4x1.2mm_180flip,deleted
20090316x1310,ep2d_fairest_UI_1500ms,deleted
20090316x1310,csi_se_30,deleted
20090218x1235,MoCoSeries,deleted
20090218x1235,MoCoSeries,deleted
20090218x1235,DTI_30dir_noDiCo_vox2_1000,deleted
20090218x1235,DTI_30dir_noDiCo_vox2_1000,deleted
20090218x1235,localizer,deleted
122946x20210427x3T,Localizer,deleted
20090218x1235,MoCoSeries,deleted
20090218x1235,t2_tse_tra8CHANNEL,deleted
20090218x1235,DTI_30dir_noDiCo_vox2_1000,deleted
20090218x1235,MoCoSeries,deleted
20090218x1235,MoCoSeries,deleted
20090218x1235,ep2d_fairest_UI_1500ms,deleted
20090218x1235,csi_se_ar3T,deleted
20090218x1235,csi_se_ar3T_UNSUP,deleted
113066x02x20210427x3T,MultiShell_117dir,deleted
20040928x1330,ep2d_casl_AM_UI_1500ms,deleted
20090218x1235,ep2d_fairest_UI_M0,deleted
113066x02x20210427x3T,B0map,deleted
20090218x1235,t2_tse_tra,deleted
20091201x1029,localizer,deleted
20091201x1029,ep2d_se_pcasl_PHC_1500ms,deleted
113066x02x20210427x3T,B0map,deleted
20091201x1029,t2_tse_tra8CHANNEL,deleted
20091201x1029,DTI_30dir,deleted
113066x02x20210427x3T,rfMRI_REST_PA,deleted
20091201x1029,DTI_30dir,deleted
20091201x1029,t2_tse_COR8CHANNEL,deleted
20091201x1029,DTI_30dir,deleted
20091201x1029,MoCoSeries,deleted
20040928x1330,t2_tse_tra,deleted
20040928x1330,field_map,deleted
20090316x1310,localizer,deleted
20090512x1126,MoCoSeries,deleted
20090316x1310,localizer,deleted
20090106x1214,MoCoSeries,deleted
20090316x1310,ep2d_bold_restingZE6min,deleted
122946x20210427x3T,PhoenixZIPReport,deleted
20090316x1310,MoCoSeries,deleted
20090316x1310,DTI_30dir_noDiCo_vox2_1000,deleted
20090512x1126,ep2d_fairest_UI_M0,deleted
122946x20210427x3T,Localizer_aligned,deleted
20090512x1126,localizer,deleted
20090512x1126,DTI_30dir_noDiCo_vox2_1000,deleted
20090512x1126,t2_tse_tra8CHANNEL,deleted
20090512x1126,MoCoSeries,deleted
122946x20210427x3T,AAHead_Scout_MPR_tra,deleted
20090512x1126,MoCoSeries,deleted
20040928x1330,field_map,deleted
20090512x1126,MoCoSeries,deleted
20090512x1126,DTI_30dir_noDiCo_vox2_1000,deleted
20090512x1126,MoCoSeries,deleted
20090512x1126,DTI_30dir_noDiCo_vox2_1000,deleted
20090512x1126,ep2d_fairest_UI_1500ms,deleted
122946x20210427x3T,AAHead_Scout_MPR_cor,deleted
20040928x1330,pd_tse_tra,deleted
20040928x1330,localizer,deleted
20040928x1330,MoCoSeries,deleted
122946x20210427x3T,AAHead_Scout_MPR_sag,deleted
122946x20210427x3T,AAHead_Scout,deleted
20040928x1330,t1_se_sag,deleted
20040928x1330,DTI_12dir,deleted
122946x20210427x3T,ASL_3DSpiral_4shot_2.5mm_1Daccel_V20_ASL,deleted
124972x20210525x3T,TOF_3D_multi-slab,deleted
20090106x1214,DTI_30dir_noDiCo_vox2_1000,deleted
124938x20210527x3T,rfMRI_REST_PA,deleted
124938x20210527x3T,FLAIR_3D_1x1x1,deleted
124938x20210527x3T,T2_2D_0.4x0.4x1.2mm_180flip_ND,deleted
124938x20210527x3T,T2_2D_0.4x0.4x1.2mm_180flip,deleted
124938x20210527x3T,TOF_3D_multi-slab,deleted
124938x20210527x3T,TOF_3D_multi-slab_MIP_TRA,deleted
124938x20210527x3T,TOF_3D_multi-slab_MIP_COR,deleted
124938x20210527x3T,TOF_3D_multi-slab_MIP_SAG,deleted
124938x20210527x3T,ASL_3DSpiral_4shot_2.5mm_1Daccel_V20_M0,deleted
124938x20210527x3T,ASL_3DSpiral_4shot_2.5mm_1Daccel_V20_MeanPerf,deleted
124938x20210527x3T,ASL_3DSpiral_4shot_2.5mm_1Daccel_V20_ASL,deleted
124938x20210527x3T,SpinEchoFieldMap_AP,deleted
124938x20210527x3T,SpinEchoFieldMap_PA,deleted
124938x20210527x3T,rfMRI_REST_AP,deleted
124938x20210527x3T,B0map,deleted
124938x20210527x3T,T1_3D_0.8x0.8x0.8_ND,deleted
124938x20210527x3T,B0map,deleted
124972x20210525x3T,Localizer_aligned,deleted
124938x20210527x3T,MultiShell_117dir,deleted
125987x20210610x3T,Localizer,deleted
125987x20210610x3T,AAHead_Scout,deleted
125987x20210610x3T,AAHead_Scout_MPR_sag,deleted
124972x20210525x3T,PhoenixZIPReport,deleted
125987x20210610x3T,AAHead_Scout_MPR_cor,deleted
125987x20210610x3T,AAHead_Scout_MPR_tra,deleted
124972x20210525x3T,AAHead_Scout_MPR_tra,deleted
125987x20210610x3T,Localizer_aligned,deleted
124972x20210525x3T,AAHead_Scout_MPR_cor,deleted
125987x20210610x3T,PhoenixZIPReport,deleted
124938x20210527x3T,FLAIR_3D_1x1x1_ND,deleted
124972x20210525x3T,T1_3D_0.8x0.8x0.8_ND,deleted
124972x20210525x3T,AAHead_Scout,deleted
124972x20210525x3T,Mag_Images,deleted
124972x20210525x3T,TOF_3D_multi-slab_MIP_COR,deleted
124972x20210525x3T,TOF_3D_multi-slab_MIP_SAG,deleted
124972x20210525x3T,ASL_3DSpiral_4shot_2.5mm_1Daccel_V20_M0,deleted
124972x20210525x3T,ASL_3DSpiral_4shot_2.5mm_1Daccel_V20_ASL,deleted
124972x20210525x3T,SpinEchoFieldMap_AP,deleted
124972x20210525x3T,SpinEchoFieldMap_PA,deleted
124972x20210525x3T,T2_2D_0.4x0.4x1.2mm_180flip,deleted
124972x20210525x3T,rfMRI_REST_AP,deleted
124972x20210525x3T,rfMRI_REST_PA,deleted
124972x20210525x3T,B0map,deleted
124972x20210525x3T,B0map,deleted
124972x20210525x3T,MultiShell_117dir,deleted
124972x20210525x3T,mIP_Images(SW),deleted
124972x20210525x3T,Pha_Images,deleted
124938x20210527x3T,PhoenixZIPReport,deleted
124972x20210525x3T,SWI_Images,deleted
124972x20210525x3T,Mag_Images_ND,deleted
124972x20210525x3T,Pha_Images_ND,deleted
124972x20210525x3T,SWI_Images_ND,deleted
124972x20210525x3T,T2_2D_0.4x0.4x1.2mm_180flip_ND,deleted
124972x20210525x3T,FLAIR_3D_1x1x1,deleted
124938x20210527x3T,Localizer,deleted
124938x20210527x3T,AAHead_Scout,deleted
124938x20210527x3T,AAHead_Scout_MPR_sag,deleted
124938x20210527x3T,AAHead_Scout_MPR_cor,deleted
124938x20210527x3T,AAHead_Scout_MPR_tra,deleted
124972x20210525x3T,FLAIR_3D_1x1x1_ND,deleted
124938x20210527x3T,Localizer_aligned,deleted
124972x20210525x3T,AAHead_Scout_MPR_sag,deleted
125987x20210610x3T,T1_3D_0.8x0.8x0.8_ND,deleted
122946x20210427x3T,SpinEchoFieldMap_AP,deleted
20090106x1214,DTI_30dir_noDiCo_vox2_1000,deleted
122946x20210427x3T,B0map,deleted
20081008x1021,DTI_30dir_noDiCo_vox2_1000,deleted
20060726x1128,fieldmap_GRE,deleted
20081008x1021,t2_nex_1,deleted
20041103x1130,pd_tse_tra,deleted
20041103x1130,field_map,deleted
20041103x1130,t1_se_sag,deleted
20041103x1130,DTI_12dir,deleted
20041103x1130,t2_tse_tra,deleted
20041103x1130,ep2d_casl_AM_UI_1500ms,deleted
20041103x1130,MoCoSeries,deleted
20041103x1130,localizer,deleted
20041103x1130,field_map,deleted
20090106x1214,csi_se_30,deleted
20081008x1021,MoCoSeries,deleted
122946x20210427x3T,B0map,deleted
20090106x1214,MoCoSeries,deleted
20090106x1214,ep2d_fairest_UI_M0,deleted
122946x20210427x3T,rfMRI_REST_PA,deleted
122946x20210427x3T,rfMRI_REST_AP,deleted
20090106x1214,ep2d_fairest_UI_1500ms,deleted
20090106x1214,ep2d_bold_restingZE6min,deleted
122946x20210427x3T,SpinEchoFieldMap_PA,deleted
20090106x1214,MoCoSeries,deleted
20090106x1214,localizer,deleted
20090106x1214,t2_nex_1,deleted
20090106x1214,DTI_30dir_noDiCo_vox2_1000,deleted
124972x20210525x3T,TOF_3D_multi-slab_MIP_TRA,deleted
20081008x1021,ep2d_fairest_UI_M0,deleted
20081008x1021,MoCoSeries,deleted
125987x20210610x3T,FLAIR_3D_1x1x1_ND,deleted
125987x20210610x3T,rfMRI_REST_PA,deleted
125987x20210610x3T,FLAIR_3D_1x1x1,deleted
125987x20210610x3T,T2_2D_0.4x0.4x1.2mm_180flip_ND,deleted
125987x20210610x3T,T2_2D_0.4x0.4x1.2mm_180flip,deleted
125987x20210610x3T,TOF_3D_multi-slab,deleted
125987x20210610x3T,TOF_3D_multi-slab_MIP_TRA,deleted
125987x20210610x3T,TOF_3D_multi-slab_MIP_COR,deleted
125987x20210610x3T,TOF_3D_multi-slab_MIP_SAG,deleted
125987x20210610x3T,ASL_3DSpiral_4shot_2.5mm_1Daccel_V20_M0,deleted
125987x20210610x3T,ASL_3DSpiral_4shot_2.5mm_1Daccel_V20_MeanPerf,deleted
125987x20210610x3T,ASL_3DSpiral_4shot_2.5mm_1Daccel_V20_ASL,deleted
125987x20210610x3T,SpinEchoFieldMap_AP,deleted
125987x20210610x3T,SpinEchoFieldMap_PA,deleted
125987x20210610x3T,rfMRI_REST_AP,deleted
125987x20210610x3T,B0map,deleted
20081008x1021,csi_se_30,deleted
124972x20210525x3T,Localizer,deleted
125987x20210610x3T,B0map,deleted
125987x20210610x3T,MultiShell_117dir,deleted
20081008x1021,DTI_30dir_noDiCo_vox2_1000,deleted
20081008x1021,MoCoSeries,deleted
20081008x1021,MoCoSeries,deleted
20081008x1021,localizer,deleted
122946x20210427x3T,MultiShell_117dir,deleted
20081008x1021,csi_se_30_unsup,deleted
20081008x1021,MoCoSeries,deleted
20081008x1021,localizer,deleted
20081008x1021,DTI_30dir_noDiCo_vox2_1000,deleted
20081008x1021,ep2d_fairest_UI_1500ms,deleted
20090106x1214,MoCoSeries,deleted
20080108x1018,t2_nex_1,deleted
20060726x1128,localizer,deleted
20180110x1405,long DTI P-A,deleted
20180110x1405,ABCD_T1w_MPR_vNav_setter,deleted
20180110x1405,3D PASL,deleted
20180110x1405,ABCD_T1w_MPR_vNav_moco_ND,deleted
20180110x1405,Sagittal MP-Rage,deleted
20180110x1405,ABCD_T1w_MPR_vNav_moco_ND RMS,deleted
20180110x1405,AX FLAIR 3mm,deleted
20180110x1405,ABCD_T1w_MPR_vNav_setter,deleted
20170920x1313,Sagittal MP-Rage,deleted
20180110x1405,ABCD_T1w_MPR_vNav_moco,deleted
20180110x1405,Localizer,deleted
20180110x1405,ABCD_T1w_MPR_vNav_passive,deleted
20180110x1405,long rsfMRI P-A,deleted
20180110x1405,ABCD_T1w_MPR_vNav_passive_ND RMS,deleted
20180110x1405,ABCD_T1w_MPR_vNav_passive_ND,deleted
20180110x1405,Perfusion_Weighted,deleted
20180110x1405,long DTI P-A_TENSOR,deleted
20180110x1405,ABCD_T1w_MPR_vNav_setter,deleted
20180110x1405,PhoenixZIPReport,deleted
20180605x1417,ABCD_T1w_MPR_vNav_moco_ND RMS,deleted
20180605x1417,long DTI P-A,deleted
20180605x1417,ABCD_T1w_MPR_vNav_passive_ND RMS,deleted
20180605x1417,ABCD_T1w_MPR_vNav_moco_ND,deleted
20180605x1417,ABCD_T1w_MPR_vNav_setter,deleted
20180605x1417,AX FLAIR 3mm,deleted
20180605x1417,Localizer,deleted
20180605x1417,Perfusion_Weighted,deleted
20180605x1417,long rsfMRI P-A,deleted
20180605x1417,ABCD_T1w_MPR_vNav_setter,deleted
20180605x1417,ABCD_T1w_MPR_vNav_moco,deleted
20180605x1417,ABCD_T1w_MPR_vNav_passive_ND,deleted
20180605x1417,Sagittal MP-Rage,deleted
20170920x1313,ABCD_T1w_MPR_vNav_moco_ND RMS,deleted
20170920x1313,ABCD_T1w_MPR_vNav_moco_ND,deleted
20060726x1128,ep2d_diff_MDDW_12,deleted
20171213x1012,ABCD_T1w_MPR_vNav_setter,deleted
20171213x1012,ABCD_T1w_MPR_vNav_setter,deleted
20171213x1012,3D PASL,deleted
20171213x1012,ABCD_T1w_MPR_vNav_setter,deleted
20171213x1012,Perfusion_Weighted,deleted
20171213x1012,long rsfMRI P-A,deleted
20171213x1012,ABCD_T1w_MPR_vNav_moco_ND RMS,deleted
20171213x1012,long DTI P-A,deleted
20170920x1313,ABCD_T1w_MPR_vNav_setter,deleted
20171213x1012,Sagittal MP-Rage,deleted
20171213x1012,ABCD_T1w_MPR_vNav_passive_ND RMS,deleted
20171213x1012,ABCD_T1w_MPR_vNav_moco,deleted
20171213x1012,ABCD_T1w_MPR_vNav_moco_ND,deleted
20171213x1012,ABCD_T1w_MPR_vNav_passive,deleted
20171213x1012,PhoenixZIPReport,deleted
20171213x1012,ABCD_T1w_MPR_vNav_passive_ND,deleted
20171213x1012,long DTI P-A_TENSOR,deleted
20171213x1012,AX FLAIR 3mm,deleted
20170920x1313,ABCD_T1w_MPR_vNav_moco,deleted
20170920x1313,3D PASL,deleted
20170920x1313,ABCD_T1w_MPR_vNav_passive_ND RMS,deleted
20170920x1313,PhoenixZIPReport,deleted
20170920x1313,long DTI P-A,deleted
20170920x1313,AX FLAIR 3mm,deleted
20170920x1313,ABCD_T1w_MPR_vNav_passive,deleted
20170920x1313,ABCD_T1w_MPR_vNav_setter,deleted
20170920x1313,Perfusion_Weighted,deleted
20170920x1313,Localizer,deleted
20170920x1313,ABCD_T1w_MPR_vNav_passive_ND,deleted
20170920x1313,long DTI P-A_TENSOR,deleted
20170920x1313,ABCD_T1w_MPR_vNav_setter,deleted
20170920x1313,long rsfMRI P-A,deleted
20180605x1417,ABCD_T1w_MPR_vNav_passive,deleted
20180605x1417,ABCD_T1w_MPR_vNav_setter,deleted
20180605x1417,PhoenixZIPReport,deleted
20071009x1020,DTI_30dir_noDiCo_vox2_1000,deleted
20071009x1020,ep2d_fairest_UI_M0,deleted
20071009x1020,DTI_30dir_noDiCo_vox2_1000,deleted
20071009x1020,DTI_30dir_noDiCo_vox2_1000,deleted
20071009x1020,localizer,deleted
20071009x1020,MoCoSeries,deleted
20071009x1020,ep2d_fairest_UI_1500ms,deleted
20071009x1020,MoCoSeries,deleted
20180605x1417,3D PASL,deleted
20071009x1020,localizer,deleted
20071009x1020,MoCoSeries,deleted
20071009x1020,MoCoSeries,deleted
20071009x1020,t2_nex_1,deleted
20071009x1020,csi_se_30_unsup,deleted
20190710x1517,ABCD_T1w_MPR_vNav_setter,deleted
20071009x1020,csi_se_30,deleted
20071009x1020,MoCoSeries,deleted
20060802x1113,t2_tse_tra,deleted
20060802x1113,fieldmap_GRE,deleted
20060802x1113,ep2d_diff_MDDW_12,deleted
20060802x1113,localizer,deleted
20060802x1113,t1_se_sag,deleted
20060802x1113,pd_tse_tra,deleted
20050209x1135,localizer,deleted
20050209x1135,t1_se_sag,deleted
20050209x1135,ep2d_casl_AM_UI_1500ms,deleted
20050209x1135,MoCoSeries,deleted
20050209x1135,pd_tse_tra,deleted
20050209x1135,t2_tse_tra,deleted
20050209x1135,DTI_12dir,deleted
20050209x1135,field_map,deleted
20050209x1135,field_map,deleted
20190710x1517,T2_2D_0.4x0.4x1.2mm_180flip_aa_temp,deleted
20190710x1517,rfMRI_REST_PA_PhysioLog,deleted
20190710x1517,SPIRAL_V20_HCP_M0,deleted
20190710x1517,T2_2D_0.4x0.4x1.2mm_180flip_aa_temp _ND,deleted
20180605x1417,long DTI P-A_TENSOR,deleted
20190710x1517,AAHead_Scout_MPR_tra,deleted
20190710x1517,AAHead_Scout_MPR_cor,deleted
20190710x1517,ABCD_T1w_MPR_vNav_passive _ND,deleted
20190710x1517,Localizer,deleted
20190710x1517,AAHead_Scout_MPR_sag,deleted
20190710x1517,ABCD_T1w_MPR_vNav_passive _ND RMS,deleted
20190710x1517,AAHead_Scout,deleted
20190710x1517,ABCD_T1w_MPR_vNav_setter,deleted
20190710x1517,ABCD_T1w_MPR_vNav_passive,deleted
20190710x1517,ABCD_T1w_MPR_vNav_setter,deleted
20190710x1517,ABCD_T2w_SPC_vNav_setter,deleted
20190710x1517,rfMRI_REST_PA,deleted
20190710x1517,ABCD_T2w_SPC_vNav_setter,deleted
20190710x1517,ABCD_T1w_MPR_vNav_setter,deleted
20190710x1517,T2w_SPC_vNav_passive ,deleted
20190710x1517,ABCD_T1w_MPR_vNav_moco_ND RMS,deleted
20190710x1517,ABCD_dMRI,deleted
20190710x1517,ABCD_T1w_MPR_vNav_moco,deleted
20190710x1517,SpinEchoFieldMap_AP,deleted
20190710x1517,T2_2D_0.4x0.4x1.2mm_180flip_aa_temp REPEAT_ND,deleted
20190710x1517,T2w_SPC_vNav_passive _ND,deleted
20190710x1517,SPIRAL_V20_HCP_ASL,deleted
20190710x1517,rfMRI_REST_PA_SBRef,deleted
20190710x1517,ABCD_T1w_MPR_vNav_moco_ND,deleted
20190710x1517,T2_2D_0.4x0.4x1.2mm_180flip_aa_temp REPEAT,deleted
20190710x1517,PhoenixZIPReport,deleted
20190710x1517,ABCD_dMRI_DistortionMap_AP,deleted
20190710x1517,SPIRAL_V20_HCP_MeanPerf,deleted
20190710x1517,SpinEchoFieldMap_PA,deleted
20171213x1012,Localizer,deleted
20170810x1221,long DTI P-A,deleted
20170810x1221,Sagittal MP-Rage,deleted
20090331x0933,DTI_30dir_noDiCo_vox2_1000,deleted
20090331x0933,MoCoSeries,deleted
20090331x0933,ep2d_bold_restingZE6min,deleted
20090331x0933,ep2d_fairest_UI_M0,deleted
20090331x0933,MoCoSeries,deleted
20090331x0933,localizer,deleted
20090331x0933,csi_se_30_unsup,deleted
20090331x0933,ep2d_fairest_UI_1500ms,deleted
20111220x1256,t2_tse_tra8CHANNEL,deleted
20090331x0933,localizer,deleted
20090331x0933,MoCoSeries,deleted
20090331x0933,DTI_30dir_noDiCo_vox2_1000,deleted
20090331x0933,t2_tse_tra,deleted
20090331x0933,MoCoSeries,deleted
20090331x0933,DTI_30dir_noDiCo_vox2_1000,deleted
20090331x0933,t2_tse_tra8CHANNEL,deleted
20090331x0933,MoCoSeries,deleted
20090304x1208,localizer,deleted
20090304x1208,t2_tse_tra,deleted
20090304x1208,ep2d_bold_restingZE6min,deleted
20090304x1208,DTI_30dir_noDiCo_vox2_1000,deleted
20090304x1208,MoCoSeries,deleted
20090304x1208,MoCoSeries,deleted
20090304x1208,MoCoSeries,deleted
20090304x1208,DTI_30dir_noDiCo_vox2_1000,deleted
20090304x1208,ep2d_fairest_UI_M0,deleted
20090304x1208,t2_tse_tra8CHANNEL,deleted
20090304x1208,MoCoSeries,deleted
20090304x1208,MoCoSeries,deleted
20090304x1208,DTI_30dir_noDiCo_vox2_1000,deleted
20090304x1208,ep2d_fairest_UI_1500ms,deleted
20090304x1208,ep2d_bold_restingZE6min,deleted
20090331x0933,csi_se_30,deleted
20060607x1336,ep2d_casl_UI_1500ms,deleted
20060607x1336,t2_tse_tra,deleted
113066x02x20210427x3T,SpinEchoFieldMap_PA,deleted
20060726x1128,t1_se_sag,deleted
20060726x1128,t2_tse_tra,deleted
20060726x1128,pd_tse_tra,deleted
20050705x1118,MoCoSeries,deleted
20050705x1118,ep2d_pace_max_1,deleted
20050705x1118,ep2d_pace_max_205,deleted
20050705x1118,localizer,deleted
20050705x1118,ep2d_pace_max_165,deleted
20050705x1118,MoCoSeries,deleted
20050705x1118,MoCoSeries,deleted
20080108x1018,DTI_30dir_noDiCo_vox2_1000,deleted
20080108x1018,localizer,deleted
20080108x1018,DTI_30dir_noDiCo_vox2_1000,deleted
20080108x1018,ep2d_fairest_UI_1500ms,deleted
20080108x1018,ep2d_fairest_UI_M0,deleted
20060607x1336,ep2d_diff_MDDW_12,deleted
20080108x1018,csi_se_30,deleted
20080108x1018,localizer,deleted
20080108x1018,csi_se_30_unsup,deleted
20080108x1018,MoCoSeries,deleted
20080108x1018,DTI_30dir_noDiCo_vox2_1000,deleted
20080108x1018,MoCoSeries,deleted
20080108x1018,MoCoSeries,deleted
20080108x1018,MoCoSeries,deleted
20080108x1018,MoCoSeries,deleted
20060607x1336,t1_se_sag,deleted
20060607x1336,fieldmap_GRE,deleted
20060607x1336,ep2d_casl_UI_1500ms,deleted
20060607x1336,localizer,deleted
20060607x1336,pd_tse_tra,deleted
20111220x1256,DTI_34dir,deleted
20111220x1256,ep2d_se_pcasl_PHC_1500ms,deleted
20170810x1221,long DTI P-A_TENSOR,deleted
20160121x1259,DTI_34dir,deleted
20160121x1259,b0map_v4,deleted
20160121x1259,DTI_34dir,deleted
20160121x1259,localizer,deleted
20160121x1259,DTI_34dir,deleted
20160121x1259,Resting_bold_124,deleted
20160121x1259,t2_tse_tra8CHANNEL,deleted
20151007x1556,MoCoSeries,deleted
20111220x1256,t2_tse_obl_448_2mm,deleted
20151007x1556,localizer,deleted
20151007x1556,b0map_v4,deleted
20151007x1556,ep2d_se_pcasl_PHC_1500ms,deleted
20151007x1556,DTI_34dir,deleted
20151007x1556,Resting_bold_124,deleted
20151007x1556,b0map_v4,deleted
20160121x1259,t2_tse_obl_448_2mm,deleted
20160121x1259,MoCoSeries,deleted
20160121x1259,ep2d_se_pcasl_PHC_1500ms,deleted
20160121x1259,b0map_v4,deleted
20160907x1425,DTI_34dir,deleted
20160907x1425,DTI_34dir,deleted
20160907x1425,ep2d_se_pcasl_PHC_1500ms,deleted
20160907x1425,DTI_34dir,deleted
20160907x1425,localizer,deleted
20160907x1425,t2_tse_obl_448_2mm,deleted
20160907x1425,MoCoSeries,deleted
20160907x1425,t2_tse_tra8CHANNEL,deleted
20170810x1221,3D PASL,deleted
20170810x1221,Localizer,deleted
20170810x1221,long rsfMRI P-A,deleted
20170810x1221,AX FLAIR 3mm,deleted
20170810x1221,Perfusion_Weighted,deleted
20151007x1556,t2_tse_tra8CHANNEL,deleted
20151007x1556,DTI_34dir,deleted
20151007x1556,t2_tse_obl_448_2mm,deleted
20140226x1627,t2_tse_tra8CHANNEL,deleted
20111220x1256,MoCoSeries,deleted
20111220x1256,localizer,deleted
20111220x1256,DTI_34dir,deleted
20111220x1256,Resting_bold_124,deleted
20111220x1256,DTI_34dir,deleted
20130612x1523,t2_tse_obl_448_2mm,deleted
20130612x1523,DTI_34dir,deleted
20130612x1523,DTI_34dir,deleted
20130612x1523,localizer,deleted
20130612x1523,t2_tse_tra8CHANNEL,deleted
20130612x1523,MoCoSeries,deleted
20130612x1523,DTI_34dir,deleted
20130612x1523,ep2d_se_pcasl_PHC_1500ms,deleted
20140226x1627,DTI_34dir,deleted
20140226x1627,localizer,deleted
20151007x1556,DTI_34dir,deleted
20140226x1627,t2_tse_obl_448_2mm,deleted
20140226x1627,DTI_34dir,deleted
20140226x1627,localizer,deleted
20131108x1000,DTI_34dir,deleted
20131108x1000,t2_tse_tra8CHANNEL,deleted
20131108x1000,localizer,deleted
20131108x1000,DTI_34dir,deleted
20131108x1000,Resting_bold_124,deleted
20131108x1000,t2_tse_obl_448_2mm,deleted
20131108x1000,DTI_34dir,deleted
20131108x1000,b0map_v4,deleted
20131108x1000,b0map_v4,deleted
20131108x1000,ep2d_se_pcasl_PHC_1500ms,deleted
20131108x1000,MoCoSeries,deleted
113066x02x20210427x3T,rfMRI_REST_AP,deleted
113066x02x20210427x3T,FLAIR_3D_1x1x1,deleted
113066x02x20210427x3T,SpinEchoFieldMap_AP,deleted
122005x20171213x3T,AAHead_Scout_MPR_cor,deleted
122216x20200205x3T,AAHead_Scout,deleted
122005x20171213x3T,mIP_Images(SW),deleted
122005x20171213x3T,rfMRI_REST_AP,deleted
122005x20171213x3T,T2_2D_0.4x0.4x1.2mm_180flip,deleted
122005x20171213x3T,rfMRI_REST_PA,deleted
122005x20171213x3T,AAHead_Scout_MPR_tra,deleted
122005x20171213x3T,ASL_3DSpiral_4shot_2.5mm_1Daccel_V18_ASL,deleted
122216x20200205x3T,Localizer_aligned,deleted
122005x20171213x3T,ASL_3DSpiral_4shot_2.5mm_1Daccel_V18_MeanPerf,deleted
122005x20171213x3T,TOF_3D_multi-slab,deleted
122005x20171213x3T,Mag_Images_ND,deleted
122005x20171213x3T,AAHead_Scout,deleted
122005x20171213x3T,T2_2D_0.4x0.4x1.2mm_180flip_ND,deleted
122005x20171213x3T,FLAIR_3D_1x1x1_ND,deleted
122216x20200205x3T,Localizer,deleted
122216x20200205x3T,TOF_3D_multi-slab,deleted
122005x20171213x3T,T2_2D_0.4x0.4x1.2mm_180flip,deleted
122216x20200205x3T,T2_2D_0.4x0.4x1.2mm_180flip_ND,deleted
122216x20200205x3T,AAHead_Scout_MPR_tra,deleted
122216x20200205x3T,AAHead_Scout_MPR_sag,deleted
122216x20200205x3T,FLAIR_3D_1x1x1,deleted
122216x20200205x3T,TOF_3D_multi-slab_MIP_TRA,deleted
122216x20200205x3T,FLAIR_3D_1x1x1_ND,deleted
122216x20200205x3T,PhoenixZIPReport,deleted
122216x20200205x3T,T1_3D_0.8x0.8x0.8_ND,deleted
122216x20200205x3T,T2_2D_0.4x0.4x1.2mm_180flip,deleted
122216x20200205x3T,ASL_3DSpiral_4shot_2.5mm_1Daccel_V20_ASL,deleted
122216x20200205x3T,ASL_3DSpiral_4shot_2.5mm_1Daccel_V20_M0,deleted
122216x20200205x3T,AAHead_Scout_MPR_cor,deleted
122216x20200205x3T,TOF_3D_multi-slab_MIP_SAG,deleted
122216x20200205x3T,TOF_3D_multi-slab_MIP_COR,deleted
122216x20200205x3T,T2_2D_0.4x0.4x1.2mm_180flip_ND,deleted
122005x20171213x3T,T1_3D_0.8x0.8x0.8_ND,deleted
122005x20171213x3T,Pha_Images_ND,deleted
121105x20170427x3T,T2_2D_0.4x0.4x1.2mm_180flip,deleted
121105x20170427x3T,fl_tof_head,deleted
121105x20170427x3T,localizer,deleted
121105x20170427x3T,rfMRI_REST_AP,deleted
121105x20170427x3T,FLAIR_3D_1x1x1,deleted
121105x20170427x3T,fl_tof_head_MIP_SAG,deleted
121105x20170427x3T,PhoenixZIPReport,deleted
121105x20170427x3T,Mag_Images,deleted
121105x20170427x3T,Vessel_scout_MIP_SAG,deleted
121105x20170427x3T,fl_tof_neck,deleted
121105x20170427x3T,ASL_3DSpiral_4shot_2.5mm_1Daccel_V18_M0,deleted
121105x20170427x3T,ASL_3DSpiral_4shot_2.5mm_1Daccel_V18_M0,deleted
121105x20170427x3T,TOF_3D_multi-slab_MIP_SAG,deleted
121105x20170427x3T,rfMRI_REST_PA,deleted
121105x20170427x3T,TOF_3D_multi-slab_MIP_COR,deleted
121105x20170427x3T,ASL_3DSpiral_4shot_2.5mm_1Daccel_V18_ASL,deleted
121105x20170427x3T,Localizer_aligned,deleted
121105x20170427x3T,MultiShell_117dir,deleted
122005x20171213x3T,Pha_Images,deleted
122005x20171213x3T,SWI_Images,deleted
122005x20171213x3T,ASL_3DSpiral_4shot_2.5mm_1Daccel_V18_M0,deleted
122005x20171213x3T,B0map,deleted
122005x20171213x3T,Localizer_aligned,deleted
122005x20171213x3T,SWI_Images_ND,deleted
122005x20171213x3T,TOF_3D_multi-slab_MIP_SAG,deleted
122005x20171213x3T,TOF_3D_multi-slab_MIP_COR,deleted
122005x20171213x3T,T2_2D_0.4x0.4x1.2mm_180flip_ND,deleted
122005x20171213x3T,Localizer,deleted
122005x20171213x3T,TOF_3D_multi-slab_MIP_TRA,deleted
122005x20171213x3T,PhoenixZIPReport,deleted
122005x20171213x3T,B0map,deleted
122005x20171213x3T,Mag_Images,deleted
122005x20171213x3T,FLAIR_3D_1x1x1,deleted
122005x20171213x3T,AAHead_Scout_MPR_sag,deleted
122216x20200205x3T,SpinEchoFieldMap_PA,deleted
122216x20200205x3T,rfMRI_REST_AP,deleted
122216x20200205x3T,B0map,deleted
112286x01x20200721x3T,PhoenixZIPReport,deleted
112286x01x20200721x3T,FLAIR_3D_1x1x1_ND,deleted
112286x01x20200721x3T,T1_3D_0.8x0.8x0.8_ND,deleted
112286x01x20200721x3T,TOF_3D_multi-slab_MIP_SAG,deleted
112286x01x20200721x3T,TOF_3D_multi-slab_MIP_COR,deleted
112286x01x20200721x3T,TOF_3D_multi-slab_MIP_TRA,deleted
112286x01x20200721x3T,TOF_3D_multi-slab,deleted
112286x01x20200721x3T,Localizer_aligned,deleted
112286x01x20200721x3T,T2_2D_0.4x0.4x1.2mm_180flip_ND,deleted
112286x01x20200721x3T,AAHead_Scout_MPR_tra,deleted
112286x01x20200721x3T,AAHead_Scout_MPR_cor,deleted
112286x01x20200721x3T,AAHead_Scout_MPR_sag,deleted
112286x01x20200721x3T,AAHead_Scout,deleted
112286x01x20200721x3T,Localizer,deleted
125687x20200714x3T,MultiShell_117dir,deleted
112286x01x20200721x3T,FLAIR_3D_1x1x1,deleted
112286x01x20200721x3T,T2_2D_0.4x0.4x1.2mm_180flip,deleted
122216x20200205x3T,B0map,deleted
112286x01x20200721x3T,B0map,deleted
124509x20200813x3T,AAHead_Scout_MPR_tra,deleted
124509x20200813x3T,AAHead_Scout_MPR_cor,deleted
124509x20200813x3T,AAHead_Scout_MPR_sag,deleted
124509x20200813x3T,AAHead_Scout,deleted
124509x20200813x3T,Localizer,deleted
112286x01x20200721x3T,MultiShell_117dir,deleted
112286x01x20200721x3T,B0map,deleted
112286x01x20200721x3T,ASL_3DSpiral_4shot_2.5mm_1Daccel_V20_M0,deleted
112286x01x20200721x3T,rfMRI_REST_PA,deleted
112286x01x20200721x3T,rfMRI_REST_AP,deleted
112286x01x20200721x3T,SpinEchoFieldMap_PA,deleted
112286x01x20200721x3T,SpinEchoFieldMap_AP,deleted
112286x01x20200721x3T,ASL_3DSpiral_4shot_2.5mm_1Daccel_V20_ASL,deleted
112286x01x20200721x3T,ASL_3DSpiral_4shot_2.5mm_1Daccel_V20_MeanPerf,deleted
125687x20200714x3T,SWI_Images_ND,deleted
125687x20200714x3T,Pha_Images_ND,deleted
125687x20200714x3T,Mag_Images_ND,deleted
125687x20200714x3T,AAHead_Scout_MPR_tra,deleted
125687x20200714x3T,TOF_3D_multi-slab_MIP_COR,deleted
125687x20200714x3T,TOF_3D_multi-slab_MIP_TRA,deleted
125687x20200714x3T,TOF_3D_multi-slab,deleted
125687x20200714x3T,T1_3D_0.8x0.8x0.8_ND,deleted
125687x20200714x3T,Localizer_aligned,deleted
125687x20200714x3T,PhoenixZIPReport,deleted
125687x20200714x3T,AAHead_Scout_MPR_cor,deleted
125687x20200714x3T,SWI_Images,deleted
125687x20200714x3T,AAHead_Scout_MPR_sag,deleted
125687x20200714x3T,AAHead_Scout,deleted
125687x20200714x3T,Localizer,deleted
122216x20200205x3T,rfMRI_REST_PA,deleted
122216x20200205x3T,SpinEchoFieldMap_AP,deleted
122216x20200205x3T,T2_2D_0.4x0.4x1.2mm_180flip,deleted
125687x20200714x3T,TOF_3D_multi-slab_MIP_SAG,deleted
125687x20200714x3T,FLAIR_3D_1x1x1_ND,deleted
125687x20200714x3T,FLAIR_3D_1x1x1,deleted
125687x20200714x3T,T2_2D_0.4x0.4x1.2mm_180flip_ND,deleted
125687x20200714x3T,T2_2D_0.4x0.4x1.2mm_180flip,deleted
125687x20200714x3T,ASL_3DSpiral_4shot_2.5mm_1Daccel_V20_M0,deleted
125687x20200714x3T,ASL_3DSpiral_4shot_2.5mm_1Daccel_V20_MeanPerf,deleted
125687x20200714x3T,ASL_3DSpiral_4shot_2.5mm_1Daccel_V20_ASL,deleted
125687x20200714x3T,SpinEchoFieldMap_AP,deleted
125687x20200714x3T,SpinEchoFieldMap_PA,deleted
125687x20200714x3T,rfMRI_REST_AP,deleted
125687x20200714x3T,rfMRI_REST_PA,deleted
125687x20200714x3T,B0map,deleted
125687x20200714x3T,B0map,deleted
125687x20200714x3T,mIP_Images(SW),deleted
125687x20200714x3T,Mag_Images,deleted
125687x20200714x3T,Pha_Images,deleted
121105x20170427x3T,SWI_Images,deleted
121105x20170427x3T,B0map,deleted
124509x20200813x3T,PhoenixZIPReport,deleted
100049x20160621x3T,Localizer_aligned,deleted
100957_20110426,t2_tse_obl_448_2mm,deleted
100957_20110426,t2_tse_tra8CHANNEL,deleted
100957_20110426,DTI_34dir,deleted
100957_20110426,DTI_34dir,deleted
100049x20160621x3T,SWI_Images,deleted
100049x20160621x3T,T2_2D_0.4x0.4x1.2mm_180flip,deleted
100049x20160621x3T,TOF_3D_multi-slab,deleted
100957_20110426,DTI_34dir,deleted
100049x20160621x3T,Pha_Images,deleted
100049x20160621x3T,AAHead_Scout_MPR_tra,deleted
100049x20160621x3T,localizer,deleted
100049x20160621x3T,Localizer,deleted
100049x20160621x3T,FLAIR_3D_1x1x1,deleted
100049x20160621x3T,mIP_Images(SW),deleted
100957_20110426,localizer,deleted
100113x20160620x3T,B0map,deleted
100049x20160621x3T,AAHead_Scout,deleted
100113x20160620x3T,TOF_3D_multi-slab,deleted
100113x20160620x3T,AAHead_Scout_MPR_sag,deleted
100113x20160620x3T,B0map,deleted
100113x20160620x3T,AAHead_Scout_MPR_tra,deleted
100113x20160620x3T,Localizer,deleted
100113x20160620x3T,SWI_Images,deleted
100113x20160620x3T,rfMRI_REST_PA,deleted
100113x20160620x3T,Pha_Images,deleted
100113x20160620x3T,T2_2D_0.4x0.4x1.2mm_180flip,deleted
100113x20160620x3T,Localizer_aligned,deleted
100113x20160620x3T,FLAIR_3D_1x1x1,deleted
100113x20160620x3T,AAHead_Scout_MPR_cor,deleted
100113x20160620x3T,TOF_3D_multi-slab_MIP_TRA,deleted
100113x20160620x3T,AAHead_Scout,deleted
100113x20160620x3T,TOF_3D_multi-slab_MIP_COR,deleted
100049x20160621x3T,AAHead_Scout_MPR_sag,deleted
100049x20160621x3T,TOF_3D_multi-slab_MIP_SAG,deleted
121105x20170427x3T,B0map,deleted
123894x20190327x3T,AAHead_Scout_MPR_tra,deleted
123894x20190327x3T,TOF_3D_multi-slab_MIP_COR,deleted
123894x20190327x3T,PhoenixZIPReport,deleted
123894x20190327x3T,rfMRI_REST_PA,deleted
123894x20190327x3T,ASL_3DSpiral_4shot_2.5mm_1Daccel_V20_MeanPerf,deleted
123894x20190327x3T,MultiShell_117dir,deleted
123894x20190327x3T,FLAIR_3D_1x1x1_ND,deleted
123894x20190327x3T,Localizer,deleted
123894x20190327x3T,TOF_3D_multi-slab_MIP_TRA,deleted
123894x20190327x3T,T1_3D_0.8x0.8x0.8_ND,deleted
123894x20190327x3T,Localizer_aligned,deleted
123894x20190327x3T,B0map,deleted
123894x20190327x3T,rfMRI_REST_AP,deleted
123894x20190327x3T,TOF_3D_multi-slab,deleted
123894x20190327x3T,SpinEchoFieldMap_PA,deleted
123894x20190327x3T,T2_2D_0.4x0.4x1.2mm_180flip_ND,deleted
123894x20190327x3T,TOF_3D_multi-slab_MIP_SAG,deleted
100049x20160621x3T,TOF_3D_multi-slab_MIP_TRA,deleted
100049x20160621x3T,Mag_Images,deleted
100049x20160621x3T,rfMRI_REST_AP,deleted
100049x20160621x3T,AAHead_Scout_MPR_cor,deleted
100049x20160621x3T,rfMRI_REST_PA,deleted
100049x20160621x3T,TOF_3D_multi-slab_MIP_COR,deleted
100049x20160621x3T,MultiShell_117dir,deleted
100049x20160621x3T,PhoenixZIPReport,deleted
123894x20190327x3T,B0map,deleted
123894x20190327x3T,FLAIR_3D_1x1x1,deleted
123894x20190327x3T,AAHead_Scout,deleted
123894x20190327x3T,ASL_3DSpiral_4shot_2.5mm_1Daccel_V20_ASL,deleted
123894x20190327x3T,SpinEchoFieldMap_AP,deleted
123894x20190327x3T,ASL_3DSpiral_4shot_2.5mm_1Daccel_V20_M0,deleted
123894x20190327x3T,AAHead_Scout_MPR_cor,deleted
123894x20190327x3T,T2_2D_0.4x0.4x1.2mm_180flip,deleted
100113x20160620x3T,TOF_3D_multi-slab_MIP_SAG,deleted
100113x20160620x3T,Mag_Images,deleted
100113x20160620x3T,MultiShell_117dir,deleted
119851x20170606x3T,T2_2D_0.4x0.4x1.2mm_180flip_ND,deleted
119851x20170606x3T,TOF_3D_multi-slab_MIP_COR,deleted
119851x20170606x3T,B0map,deleted
119851x20170606x3T,ASL_3DSpiral_4shot_2.5mm_1Daccel_V18_M0,deleted
119851x20170606x3T,rfMRI_REST_AP,deleted
119851x20170606x3T,mIP_Images(SW),deleted
119851x20170606x3T,PhoenixZIPReport,deleted
119851x20170606x3T,TOF_3D_multi-slab_MIP_SAG,deleted
119851x20170606x3T,ASL_3DSpiral_4shot_2.5mm_1Daccel_V18_ASL,deleted
119851x20170606x3T,Mag_Images,deleted
119851x20170606x3T,AAHead_Scout,deleted
119851x20170606x3T,ASL_3DSpiral_4shot_2.5mm_1Daccel_V18_ASL,deleted
119851x20170606x3T,Pha_Images,deleted
119851x20170606x3T,TOF_3D_multi-slab_MIP_TRA,deleted
119851x20170606x3T,ASL_3DSpiral_4shot_2.5mm_1Daccel_V18_MeanPerf,deleted
119851x20170606x3T,FLAIR_3D_1x1x1,deleted
121105x20170427x3T,AAHead_Scout_MPR_sag,deleted
100113x20160620x3T,rfMRI_REST_AP,deleted
121105x20170427x3T,ASL_3DSpiral_4shot_2.5mm_1Daccel_V18_MeanPerf,deleted
121105x20170427x3T,TOF_3D_multi-slab_MIP_TRA,deleted
121105x20170427x3T,fl_tof_head_MIP_TRA,deleted
121105x20170427x3T,AAHead_Scout_MPR_cor,deleted
121105x20170427x3T,mIP_Images(SW),deleted
121105x20170427x3T,fl_tof_neck_MIP_SAG,deleted
121105x20170427x3T,AAHead_Scout,deleted
121105x20170427x3T,TOF_3D_multi-slab,deleted
121105x20170427x3T,fl_tof_neck_MIP_TRA,deleted
121105x20170427x3T,fl_tof_head_MIP_COR,deleted
121105x20170427x3T,Vessel_scout,deleted
121105x20170427x3T,Localizer,deleted
121105x20170427x3T,Pha_Images,deleted
121105x20170427x3T,fl_tof_neck_MIP_COR,deleted
121105x20170427x3T,AAHead_Scout_MPR_tra,deleted
119851x20170606x3T,MultiShell_117dir,deleted
119851x20170606x3T,SWI_Images,deleted
119851x20170606x3T,T2_2D_0.4x0.4x1.2mm_180flip,deleted
120937x20160711x3T,TOF_3D_multi-slab_MIP_TRA,deleted
120937x20160711x3T,AAHead_Scout_MPR_sag,deleted
120937x20160711x3T,Pha_Images,deleted
120937x20160711x3T,Mag_Images,deleted
120937x20160711x3T,TOF_3D_multi-slab_MIP_SAG,deleted
120937x20160711x3T,SWI_Images,deleted
120937x20160711x3T,FLAIR_3D_1x1x1,deleted
120937x20160711x3T,TOF_3D_multi-slab,deleted
119851x20170606x3T,B0map,deleted
120937x20160711x3T,AAHead_Scout_MPR_tra,deleted
120937x20160711x3T,rfMRI_REST_AP,deleted
120937x20160711x3T,B0map,deleted
120937x20160711x3T,rfMRI_REST_PA,deleted
120937x20160711x3T,Localizer,deleted
100113x20160620x3T,mIP_Images(SW),deleted
120937x20160711x3T,B0map,deleted
120937x20160711x3T,AAHead_Scout,deleted
120937x20160711x3T,Localizer_aligned,deleted
120937x20160711x3T,TOF_3D_multi-slab_MIP_COR,deleted
120937x20160711x3T,mIP_Images(SW),deleted
120937x20160711x3T,MultiShell_117dir,deleted
120937x20160711x3T,T2_2D_0.4x0.4x1.2mm_180flip,deleted
120937x20160711x3T,AAHead_Scout_MPR_cor,deleted
119851x20170606x3T,AAHead_Scout_MPR_cor,deleted
119851x20170606x3T,AAHead_Scout_MPR_sag,deleted
119851x20170606x3T,Localizer,deleted
119851x20170606x3T,Localizer_aligned,deleted
119851x20170606x3T,Localizer_aligned,deleted
119851x20170606x3T,AAHead_Scout_MPR_tra,deleted
119851x20170606x3T,rfMRI_REST_PA,deleted
119851x20170606x3T,TOF_3D_multi-slab,deleted
119851x20170606x3T,ASL_3DSpiral_4shot_2.5mm_1Daccel_V18_M0,deleted
124509x20200813x3T,Localizer_aligned,deleted
124509x20200813x3T,TOF_3D_multi-slab,deleted
113066x02x20210427x3T,ASL_3DSpiral_4shot_2.5mm_1Daccel_V20_ASL,deleted
125780x20210216x3T,Localizer,deleted
125780x20210216x3T,PhoenixZIPReport,deleted
125780x20210216x3T,Localizer_aligned,deleted
125780x20210216x3T,AAHead_Scout_MPR_tra,deleted
125780x20210216x3T,AAHead_Scout_MPR_cor,deleted
125780x20210216x3T,AAHead_Scout_MPR_sag,deleted
125780x20210216x3T,AAHead_Scout,deleted
124822x20210126x3T,MultiShell_117dir,deleted
125780x20210216x3T,FLAIR_3D_1x1x1_ND,deleted
124822x20210126x3T,B0map,deleted
124822x20210126x3T,B0map,deleted
124822x20210126x3T,rfMRI_REST_PA,deleted
124822x20210126x3T,rfMRI_REST_AP,deleted
124822x20210126x3T,SpinEchoFieldMap_PA,deleted
124822x20210126x3T,SpinEchoFieldMap_AP,deleted
125780x20210216x3T,T1_3D_0.8x0.8x0.8_ND,deleted
125780x20210216x3T,FLAIR_3D_1x1x1,deleted
124822x20210126x3T,ASL_3DSpiral_4shot_2.5mm_1Daccel_V20_MeanPerf,deleted
125780x20210216x3T,ASL_3DSpiral_4shot_2.5mm_1Daccel_V20_ASL,deleted
125780x20210216x3T,B0map,deleted
125780x20210216x3T,B0map,deleted
125780x20210216x3T,rfMRI_REST_PA,deleted
125780x20210216x3T,rfMRI_REST_AP,deleted
125780x20210216x3T,SpinEchoFieldMap_PA,deleted
125780x20210216x3T,SpinEchoFieldMap_AP,deleted
125780x20210216x3T,ASL_3DSpiral_4shot_2.5mm_1Daccel_V20_MeanPerf,deleted
125780x20210216x3T,T2_2D_0.4x0.4x1.2mm_180flip_ND,deleted
125780x20210216x3T,ASL_3DSpiral_4shot_2.5mm_1Daccel_V20_M0,deleted
125780x20210216x3T,TOF_3D_multi-slab_MIP_SAG,deleted
125780x20210216x3T,TOF_3D_multi-slab_MIP_COR,deleted
125780x20210216x3T,TOF_3D_multi-slab_MIP_TRA,deleted
125780x20210216x3T,TOF_3D_multi-slab,deleted
125780x20210216x3T,T2_2D_0.4x0.4x1.2mm_180flip,deleted
124822x20210126x3T,ASL_3DSpiral_4shot_2.5mm_1Daccel_V20_ASL,deleted
124822x20210126x3T,ASL_3DSpiral_4shot_2.5mm_1Daccel_V20_M0,deleted
126022x20210112x3T,TOF_3D_multi-slab_MIP_TRA,deleted
126022x20210112x3T,B0map,deleted
126022x20210112x3T,Pha_Images_ND,deleted
126022x20210112x3T,Mag_Images_ND,deleted
126022x20210112x3T,Pha_Images,deleted
126022x20210112x3T,Mag_Images,deleted
126022x20210112x3T,MultiShell_117dir,deleted
126022x20210112x3T,B0map,deleted
126022x20210112x3T,rfMRI_REST_PA,deleted
126022x20210112x3T,SWI_Images,deleted
126022x20210112x3T,rfMRI_REST_AP,deleted
126022x20210112x3T,SpinEchoFieldMap_PA,deleted
126022x20210112x3T,SpinEchoFieldMap_AP,deleted
126022x20210112x3T,ASL_3DSpiral_4shot_2.5mm_1Daccel_V20_ASL,deleted
126022x20210112x3T,ASL_3DSpiral_4shot_2.5mm_1Daccel_V20_M0,deleted
126022x20210112x3T,TOF_3D_multi-slab_MIP_SAG,deleted
126022x20210112x3T,mIP_Images(SW),deleted
126022x20210112x3T,SWI_Images_ND,deleted
124822x20210126x3T,TOF_3D_multi-slab_MIP_SAG,deleted
124822x20210126x3T,FLAIR_3D_1x1x1_ND,deleted
124822x20210126x3T,TOF_3D_multi-slab_MIP_COR,deleted
124822x20210126x3T,TOF_3D_multi-slab_MIP_TRA,deleted
124822x20210126x3T,TOF_3D_multi-slab,deleted
124822x20210126x3T,T2_2D_0.4x0.4x1.2mm_180flip,deleted
124822x20210126x3T,T2_2D_0.4x0.4x1.2mm_180flip_ND,deleted
124822x20210126x3T,FLAIR_3D_1x1x1,deleted
124822x20210126x3T,T1_3D_0.8x0.8x0.8_ND,deleted
124822x20210126x3T,Localizer,deleted
124822x20210126x3T,Localizer_aligned,deleted
124822x20210126x3T,PhoenixZIPReport,deleted
124822x20210126x3T,AAHead_Scout_MPR_tra,deleted
124822x20210126x3T,AAHead_Scout_MPR_cor,deleted
124822x20210126x3T,AAHead_Scout_MPR_sag,deleted
124822x20210126x3T,AAHead_Scout,deleted
125780x20210216x3T,MultiShell_117dir,deleted
124568x20210318x3T,Localizer,deleted
124568x20210318x3T,AAHead_Scout,deleted
125572x20210323x3T,SpinEchoFieldMap_AP,deleted
125572x20210323x3T,MultiShell_117dir,deleted
125572x20210323x3T,B0map,deleted
125572x20210323x3T,B0map,deleted
125572x20210323x3T,rfMRI_REST_PA,deleted
125572x20210323x3T,rfMRI_REST_AP,deleted
125572x20210323x3T,SpinEchoFieldMap_PA,deleted
125572x20210323x3T,ASL_3DSpiral_4shot_2.5mm_1Daccel_V20_ASL,deleted
113066x02x20210427x3T,AAHead_Scout,deleted
125572x20210323x3T,ASL_3DSpiral_4shot_2.5mm_1Daccel_V20_MeanPerf,deleted
125572x20210323x3T,ASL_3DSpiral_4shot_2.5mm_1Daccel_V20_M0,deleted
125572x20210323x3T,TOF_3D_multi-slab_MIP_SAG,deleted
125572x20210323x3T,TOF_3D_multi-slab_MIP_COR,deleted
125572x20210323x3T,TOF_3D_multi-slab_MIP_TRA,deleted
125572x20210323x3T,TOF_3D_multi-slab,deleted
113066x02x20210427x3T,Localizer,deleted
113066x02x20210427x3T,AAHead_Scout_MPR_sag,deleted
124568x20210318x3T,AAHead_Scout_MPR_sag,deleted
113066x02x20210427x3T,T2_2D_0.4x0.4x1.2mm_180flip,deleted
113066x02x20210427x3T,ASL_3DSpiral_4shot_2.5mm_1Daccel_V20_MeanPerf,deleted
113066x02x20210427x3T,ASL_3DSpiral_4shot_2.5mm_1Daccel_V20_M0,deleted
113066x02x20210427x3T,TOF_3D_multi-slab_MIP_SAG,deleted
113066x02x20210427x3T,TOF_3D_multi-slab_MIP_COR,deleted
113066x02x20210427x3T,TOF_3D_multi-slab_MIP_TRA,deleted
113066x02x20210427x3T,TOF_3D_multi-slab,deleted
113066x02x20210427x3T,T2_2D_0.4x0.4x1.2mm_180flip_ND,deleted
113066x02x20210427x3T,AAHead_Scout_MPR_cor,deleted
123894x20190327x3T,AAHead_Scout_MPR_sag,deleted
113066x02x20210427x3T,FLAIR_3D_1x1x1_ND,deleted
113066x02x20210427x3T,T1_3D_0.8x0.8x0.8_ND,deleted
113066x02x20210427x3T,PhoenixZIPReport,deleted
113066x02x20210427x3T,Localizer_aligned,deleted
113066x02x20210427x3T,AAHead_Scout_MPR_tra,deleted
125572x20210323x3T,T2_2D_0.4x0.4x1.2mm_180flip,deleted
125572x20210323x3T,T2_2D_0.4x0.4x1.2mm_180flip_ND,deleted
125572x20210323x3T,FLAIR_3D_1x1x1,deleted
124568x20210318x3T,T2_2D_0.4x0.4x1.2mm_180flip_ND,deleted
124568x20210318x3T,ASL_3DSpiral_4shot_2.5mm_1Daccel_V20_M0,deleted
124568x20210318x3T,TOF_3D_multi-slab_MIP_SAG,deleted
124568x20210318x3T,TOF_3D_multi-slab_MIP_COR,deleted
124568x20210318x3T,TOF_3D_multi-slab_MIP_TRA,deleted
124568x20210318x3T,TOF_3D_multi-slab,deleted
124568x20210318x3T,T2_2D_0.4x0.4x1.2mm_180flip,deleted
124568x20210318x3T,FLAIR_3D_1x1x1,deleted
125572x20210323x3T,FLAIR_3D_1x1x1_ND,deleted
124568x20210318x3T,FLAIR_3D_1x1x1_ND,deleted
124568x20210318x3T,T1_3D_0.8x0.8x0.8_ND,deleted
124568x20210318x3T,Localizer_aligned,deleted
124568x20210318x3T,PhoenixZIPReport,deleted
124568x20210318x3T,AAHead_Scout_MPR_tra,deleted
124568x20210318x3T,AAHead_Scout_MPR_cor,deleted
124568x20210318x3T,ASL_3DSpiral_4shot_2.5mm_1Daccel_V20_MeanPerf,deleted
124568x20210318x3T,ASL_3DSpiral_4shot_2.5mm_1Daccel_V20_ASL,deleted
124568x20210318x3T,SpinEchoFieldMap_AP,deleted
124568x20210318x3T,SpinEchoFieldMap_PA,deleted
124568x20210318x3T,rfMRI_REST_AP,deleted
124568x20210318x3T,rfMRI_REST_PA,deleted
124568x20210318x3T,B0map,deleted
124568x20210318x3T,B0map,deleted
124568x20210318x3T,MultiShell_117dir,deleted
125572x20210323x3T,Localizer,deleted
125572x20210323x3T,AAHead_Scout,deleted
125572x20210323x3T,AAHead_Scout_MPR_sag,deleted
125572x20210323x3T,AAHead_Scout_MPR_cor,deleted
125572x20210323x3T,AAHead_Scout_MPR_tra,deleted
125572x20210323x3T,PhoenixZIPReport,deleted
125572x20210323x3T,Localizer_aligned,deleted
125572x20210323x3T,T1_3D_0.8x0.8x0.8_ND,deleted
126022x20210112x3T,TOF_3D_multi-slab_MIP_COR,deleted
126022x20210112x3T,TOF_3D_multi-slab,deleted
124509x20200813x3T,TOF_3D_multi-slab_MIP_TRA,deleted
125564x20201105x3T,Localizer,deleted
125564x20201105x3T,Localizer_aligned,deleted
125564x20201105x3T,PhoenixZIPReport,deleted
125564x20201105x3T,AAHead_Scout_MPR_tra,deleted
125564x20201105x3T,AAHead_Scout_MPR_cor,deleted
125564x20201105x3T,AAHead_Scout_MPR_sag,deleted
125564x20201105x3T,AAHead_Scout,deleted
107486x20200929x3T,MultiShell_117dir,deleted
125564x20201105x3T,FLAIR_3D_1x1x1_ND,deleted
107486x20200929x3T,MultiShell_117dir,deleted
107486x20200929x3T,B0map,deleted
107486x20200929x3T,B0map,deleted
107486x20200929x3T,rfMRI_REST_PA,deleted
107486x20200929x3T,rfMRI_REST_AP,deleted
107486x20200929x3T,SpinEchoFieldMap_PA,deleted
125564x20201105x3T,T1_3D_0.8x0.8x0.8_ND,deleted
125564x20201105x3T,FLAIR_3D_1x1x1,deleted
107486x20200929x3T,ASL_3DSpiral_4shot_2.5mm_1Daccel_V20_ASL,deleted
125564x20201105x3T,ASL_3DSpiral_4shot_2.5mm_1Daccel_V20_ASL,deleted
125564x20201105x3T,B0map,deleted
125564x20201105x3T,B0map,deleted
125564x20201105x3T,rfMRI_REST_PA,deleted
125564x20201105x3T,rfMRI_REST_AP,deleted
125564x20201105x3T,SpinEchoFieldMap_PA,deleted
125564x20201105x3T,SpinEchoFieldMap_AP,deleted
125564x20201105x3T,ASL_3DSpiral_4shot_2.5mm_1Daccel_V20_MeanPerf,deleted
125564x20201105x3T,T2_2D_0.4x0.4x1.2mm_180flip_ND,deleted
125564x20201105x3T,ASL_3DSpiral_4shot_2.5mm_1Daccel_V20_M0,deleted
125564x20201105x3T,TOF_3D_multi-slab_MIP_SAG,deleted
125564x20201105x3T,TOF_3D_multi-slab_MIP_COR,deleted
125564x20201105x3T,TOF_3D_multi-slab_MIP_TRA,deleted
125564x20201105x3T,TOF_3D_multi-slab,deleted
125564x20201105x3T,T2_2D_0.4x0.4x1.2mm_180flip,deleted
107486x20200929x3T,SpinEchoFieldMap_AP,deleted
107486x20200929x3T,ASL_3DSpiral_4shot_2.5mm_1Daccel_V20_MeanPerf,deleted
126022x20210112x3T,T2_2D_0.4x0.4x1.2mm_180flip,deleted
124509x20200813x3T,ASL_3DSpiral_4shot_2.5mm_1Daccel_V20_M0,deleted
124509x20200813x3T,B0map,deleted
124509x20200813x3T,rfMRI_REST_PA,deleted
124509x20200813x3T,rfMRI_REST_AP,deleted
124509x20200813x3T,SpinEchoFieldMap_PA,deleted
124509x20200813x3T,SpinEchoFieldMap_AP,deleted
124509x20200813x3T,ASL_3DSpiral_4shot_2.5mm_1Daccel_V20_ASL,deleted
124509x20200813x3T,T2_2D_0.4x0.4x1.2mm_180flip,deleted
124509x20200813x3T,MultiShell_117dir,deleted
124509x20200813x3T,T2_2D_0.4x0.4x1.2mm_180flip_ND,deleted
124509x20200813x3T,FLAIR_3D_1x1x1,deleted
124509x20200813x3T,FLAIR_3D_1x1x1_ND,deleted
124509x20200813x3T,T1_3D_0.8x0.8x0.8_ND,deleted
124509x20200813x3T,TOF_3D_multi-slab_MIP_SAG,deleted
124509x20200813x3T,TOF_3D_multi-slab_MIP_COR,deleted
124509x20200813x3T,B0map,deleted
107486x20200929x3T,Localizer,deleted
107486x20200929x3T,ASL_3DSpiral_4shot_2.5mm_1Daccel_V20_M0,deleted
107486x20200929x3T,FLAIR_3D_1x1x1,deleted
107486x20200929x3T,TOF_3D_multi-slab_MIP_SAG,deleted
107486x20200929x3T,TOF_3D_multi-slab_MIP_COR,deleted
107486x20200929x3T,TOF_3D_multi-slab_MIP_TRA,deleted
107486x20200929x3T,TOF_3D_multi-slab,deleted
107486x20200929x3T,T2_2D_0.4x0.4x1.2mm_180flip,deleted
107486x20200929x3T,T2_2D_0.4x0.4x1.2mm_180flip_ND,deleted
107486x20200929x3T,FLAIR_3D_1x1x1_ND,deleted
107486x20200929x3T,AAHead_Scout,deleted
107486x20200929x3T,T1_3D_0.8x0.8x0.8_ND,deleted
107486x20200929x3T,PhoenixZIPReport,deleted
107486x20200929x3T,Localizer_aligned,deleted
107486x20200929x3T,AAHead_Scout_MPR_tra,deleted
107486x20200929x3T,AAHead_Scout_MPR_cor,deleted
107486x20200929x3T,AAHead_Scout_MPR_sag,deleted
125564x20201105x3T,MultiShell_117dir,deleted
123831x20201201x3T,Localizer,deleted
123831x20201201x3T,AAHead_Scout,deleted
123575x20201015x3T,SpinEchoFieldMap_AP,deleted
123575x20201015x3T,MultiShell_117dir,deleted
123575x20201015x3T,B0map,deleted
123575x20201015x3T,B0map,deleted
123575x20201015x3T,rfMRI_REST_PA,deleted
123575x20201015x3T,rfMRI_REST_AP,deleted
123575x20201015x3T,SpinEchoFieldMap_PA,deleted
123575x20201015x3T,ASL_3DSpiral_4shot_2.5mm_1Daccel_V20_ASL,deleted
123575x20201015x3T,Mag_Images,deleted
123575x20201015x3T,ASL_3DSpiral_4shot_2.5mm_1Daccel_V20_MeanPerf,deleted
123575x20201015x3T,ASL_3DSpiral_4shot_2.5mm_1Daccel_V20_M0,deleted
123575x20201015x3T,TOF_3D_multi-slab_MIP_SAG,deleted
123575x20201015x3T,TOF_3D_multi-slab_MIP_COR,deleted
123575x20201015x3T,TOF_3D_multi-slab_MIP_TRA,deleted
123575x20201015x3T,TOF_3D_multi-slab,deleted
123575x20201015x3T,mIP_Images(SW),deleted
123575x20201015x3T,Pha_Images,deleted
123831x20201201x3T,AAHead_Scout_MPR_sag,deleted
126022x20210112x3T,AAHead_Scout_MPR_tra,deleted
126022x20210112x3T,T2_2D_0.4x0.4x1.2mm_180flip_ND,deleted
126022x20210112x3T,FLAIR_3D_1x1x1,deleted
126022x20210112x3T,FLAIR_3D_1x1x1_ND,deleted
126022x20210112x3T,T1_3D_0.8x0.8x0.8_ND,deleted
126022x20210112x3T,Localizer_aligned,deleted
126022x20210112x3T,PhoenixZIPReport,deleted
126022x20210112x3T,AAHead_Scout_MPR_cor,deleted
123575x20201015x3T,SWI_Images,deleted
126022x20210112x3T,AAHead_Scout_MPR_sag,deleted
126022x20210112x3T,AAHead_Scout,deleted
126022x20210112x3T,Localizer,deleted
123575x20201015x3T,SWI_Images_ND,deleted
123575x20201015x3T,Pha_Images_ND,deleted
123575x20201015x3T,Mag_Images_ND,deleted
123575x20201015x3T,T2_2D_0.4x0.4x1.2mm_180flip,deleted
123575x20201015x3T,T2_2D_0.4x0.4x1.2mm_180flip_ND,deleted
123575x20201015x3T,FLAIR_3D_1x1x1,deleted
123831x20201201x3T,T2_2D_0.4x0.4x1.2mm_180flip_ND,deleted
123831x20201201x3T,ASL_3DSpiral_4shot_2.5mm_1Daccel_V20_M0,deleted
123831x20201201x3T,TOF_3D_multi-slab_MIP_SAG,deleted
123831x20201201x3T,TOF_3D_multi-slab_MIP_COR,deleted
123831x20201201x3T,TOF_3D_multi-slab_MIP_TRA,deleted
123831x20201201x3T,TOF_3D_multi-slab,deleted
123831x20201201x3T,T2_2D_0.4x0.4x1.2mm_180flip,deleted
123831x20201201x3T,FLAIR_3D_1x1x1,deleted
123575x20201015x3T,FLAIR_3D_1x1x1_ND,deleted
123831x20201201x3T,FLAIR_3D_1x1x1_ND,deleted
123831x20201201x3T,T1_3D_0.8x0.8x0.8_ND,deleted
123831x20201201x3T,Localizer_aligned,deleted
123831x20201201x3T,PhoenixZIPReport,deleted
123831x20201201x3T,AAHead_Scout_MPR_tra,deleted
123831x20201201x3T,AAHead_Scout_MPR_cor,deleted
123831x20201201x3T,ASL_3DSpiral_4shot_2.5mm_1Daccel_V20_MeanPerf,deleted
123831x20201201x3T,ASL_3DSpiral_4shot_2.5mm_1Daccel_V20_ASL,deleted
123831x20201201x3T,SpinEchoFieldMap_AP,deleted
123831x20201201x3T,SpinEchoFieldMap_PA,deleted
123831x20201201x3T,rfMRI_REST_AP,deleted
123831x20201201x3T,rfMRI_REST_PA,deleted
123831x20201201x3T,B0map,deleted
123831x20201201x3T,B0map,deleted
123831x20201201x3T,MultiShell_117dir,deleted
123575x20201015x3T,Localizer,deleted
123575x20201015x3T,AAHead_Scout,deleted
123575x20201015x3T,AAHead_Scout_MPR_sag,deleted
123575x20201015x3T,AAHead_Scout_MPR_cor,deleted
123575x20201015x3T,AAHead_Scout_MPR_tra,deleted
123575x20201015x3T,Localizer_aligned,deleted
123575x20201015x3T,PhoenixZIPReport,deleted
123575x20201015x3T,T1_3D_0.8x0.8x0.8_ND,deleted
20050209x1135,MoCoSeries,deleted
